Workbook

Sheet Summary
A1: Summary
A3: Decision | B3: Checks
A4: Fix | B4: =COUNTIF('Decision register'!$C$5:$C$117,A4) -> 52
A5: Accept risk | B5: =COUNTIF('Decision register'!$C$5:$C$117,A5) -> 60
A6: Investigate | B6: =COUNTIF('Decision register'!$C$5:$C$117,A6) -> 1
A7: Total failed checks | B7: =SUM(B4:B6) -> 113
A9: Phase (fixes and investigations) | B9: Checks | C9: Done
A10: 1 Quick wins | B10: =COUNTIF('Decision register'!$D$5:$D$117,A10) -> 20 | C10: =COUNTIFS('Decision register'!$D$5:$D$117,A10,'Decision register'!$H$5:$H$117,"Done") -> 20
A11: 2 SSH hardening | B11: =COUNTIF('Decision register'!$D$5:$D$117,A11) -> 7 | C11: =COUNTIFS('Decision register'!$D$5:$D$117,A11,'Decision register'!$H$5:$H$117,"Done") -> 7
A12: 3 Auditing and MAC | B12: =COUNTIF('Decision register'!$D$5:$D$117,A12) -> 15 | C12: =COUNTIFS('Decision register'!$D$5:$D$117,A12,'Decision register'!$H$5:$H$117,"Done") -> 15
A13: 4 Passwords and PAM | B13: =COUNTIF('Decision register'!$D$5:$D$117,A13) -> 11 | C13: =COUNTIFS('Decision register'!$D$5:$D$117,A13,'Decision register'!$H$5:$H$117,"Done") -> 11
A14: 5 Firewall | B14: =COUNTIF('Decision register'!$D$5:$D$117,A14) -> 0 | C14: =COUNTIFS('Decision register'!$D$5:$D$117,A14,'Decision register'!$H$5:$H$117,"Done") -> 0
A16: Scan baseline | B16: Before | C16: Phase 1 | D16: Phase 2 | E16: Phase 3 | F16: Phase 4 | G16: Tuning | H16: Final
A17: Passed | B17: 81 | C17: 96 | D17: 106 | E17: 122 | F17: 131 | G17: 134 | H17: 136
A18: Failed | B18: 107 | C18: 94 | D18: 84 | E18: 73 | F18: 65 | G18: 62 | H18: 60
A19: Not applicable | B19: 19 | C19: 17 | D19: 17 | E19: 12 | F19: 11 | G19: 11 | H19: 11
A20: Score (passed / (passed + failed)) | B20: =B17/(B17+B18) -> 0.43085106 | C20: =C17/(C17+C18) -> 0.50526316 | D20: =D17/(D17+D18) -> 0.55789474 | E20: =E17/(E17+E18) -> 0.62564103 | F20: =F17/(F17+F18) -> 0.66836735 | G20: =G17/(G17+G18) -> 0.68367347 | H20: =H17/(H17+H18) -> 0.69387755
A21: Source: Wazuh dashboard, CIS Debian Linux 12 Benchmark v1.1.0. Scans of 12 Oct 2026 (before, phases 1 to 3) and 13 Oct 2026 (phase 4, tuning, final).
A23: Notes
A24: Do not aim for 100%. Accepted risks are documented with a reason, which is what an auditor expects.
A25: OpenVPN needs IP forwarding, so any forwarding hardening must keep it enabled. No failed check asks for this today.
A26: Order of work: phases 1 to 5. Take a VM or config backup and keep a second SSH session open for phases 2, 4 and 5.

Sheet Decision register
A1: CIS Debian 12 Benchmark v1.1.0: decision register (host: vpnserver)
A2: Source: Wazuh SCA scan, 12 Oct 2026, 107 failed of 207 checks. Check 33094 was added after the phase 1 scan. Status reflects the final scan of 13 Oct 2026; final scan 13 Oct 2026 16:26: 136 passed, 60 failed, 69%. Decision, phase and justification are my own assessment. Edit the yellow columns (Status, Date done) as you work.
A4: ID | B4: Title | C4: Decision | D4: Phase | E4: Lockout risk | F4: Justification | G4: CIS remediation (from scan) | H4: Status | I4: Date done
A5: 33017 | B5: Ensure noexec option set on /dev/shm partition. | C5: Fix | D5: 1 Quick wins | E5: Low | F5: Add noexec to /dev/shm in /etc/fstab. Remount and confirm nothing on the server needs executables there. | G5: - IF - a separate partition exists for /dev/shm. Edit the /etc/fstab file and add noexec to the fourth field (mounting options) for the /dev/shm partition. Example: tmpfs /dev/shm tmpfs defaults,rw,nosuid,nodev,noexec,relatime 0 0 Run the following command to remount /dev/shm with the configured options: # mount -o remount /dev/shm Note: It is reco | H5: Done | I5: 2026-10-12
A6: 33048 | B6: Ensure message of the day is configured properly. | C6: Fix | D6: 1 Quick wins | E6: Low | F6: Set a legal warning banner (/etc/issue, /etc/issue.net, MOTD) and point sshd Banner to it. | G6: Edit the /etc/motd file with the appropriate contents according to your site policy, remove any instances of \m , \r , \s , \v or references to the OS platform - OR - - IF - the motd is not used, this file can be removed. Run the following command to remove the motd file: # rm /etc/motd. | H6: Done | I6: 2026-10-12
A7: 33049 | B7: Ensure local login warning banner is configured properly. | C7: Fix | D7: 1 Quick wins | E7: Low | F7: Set a legal warning banner (/etc/issue, /etc/issue.net, MOTD) and point sshd Banner to it. | G7: Edit the /etc/issue file with the appropriate contents according to your site policy, remove any instances of \m , \r , \s , \v or references to the OS platform Example: # echo "Authorized users only. All activity may be monitored and reported." > /etc/issue. | H7: Done | I7: 2026-10-12
A8: 33050 | B8: Ensure remote login warning banner is configured properly. | C8: Fix | D8: 1 Quick wins | E8: Low | F8: Set a legal warning banner (/etc/issue, /etc/issue.net, MOTD) and point sshd Banner to it. | G8: Edit the /etc/issue.net file with the appropriate contents according to your site policy, remove any instances of \m , \r , \s , \v or references to the OS platform Example: # echo "Authorized users only. All activity may be monitored and reported." > /etc/issue.net. | H8: Done | I8: 2026-10-12
A9: 33089 | B9: Ensure telnet client is not installed. | C9: Fix | D9: 1 Quick wins | E9: Low | F9: Remove the telnet client (apt purge telnet). It is unencrypted and not needed. | G9: Run the following commands to uninstall telnet & inetutils-telnet: # apt purge telnet # apt purge inetutils-telnet. | H9: Done | I9: 2026-10-12
A10: 33096 | B10: Ensure chrony is running as user _chrony. | C10: Fix | D10: 1 Quick wins | E10: Low | F10: Appeared after chrony replaced systemd-timesyncd. Debian already drops chronyd to the _chrony user; adding 'user _chrony' to chrony.conf makes it explicit. | G10: Add or edit the user line to /etc/chrony/chrony.conf or a file ending in .conf in /etc/chrony/conf.d/: user _chrony - OR - If another time synchronization service is in use on the system, run the following command to remove chrony from the system: # apt purge chrony # apt autoremove chrony. | H10: Done | I10: 2026-10-13
A11: 33097 | B11: Ensure chrony is enabled and running. | C11: Fix | D11: 1 Quick wins | E11: Low | F11: Enable time sync. Accurate clocks keep logs and Wazuh alerts correlated. | G11: - IF - chrony is in use on the system, run the following commands: Run the following command to unmask chrony.service: # systemctl unmask chrony.service Run the following command to enable and start chrony.service: # systemctl --now enable chrony.service - OR - If another time synchronization service is in use on the system, run the following comma | H11: Done | I11: 2026-10-12
A12: 33099 | B12: Ensure permissions on /etc/crontab are configured. | C12: Fix | D12: 1 Quick wins | E12: Low | F12: Set root ownership and restrictive permissions on cron files (chown/chmod). | G12: - IF - cron is installed on the system: Run the following commands to set ownership and permissions on /etc/crontab: # chown root:root /etc/crontab # chmod og-rwx /etc/crontab. | H12: Done | I12: 2026-10-12
A13: 33100 | B13: Ensure permissions on /etc/cron.hourly are configured. | C13: Fix | D13: 1 Quick wins | E13: Low | F13: Set root ownership and restrictive permissions on cron files (chown/chmod). | G13: - IF - cron is installed on the system: Run the following commands to set ownership and permissions on the /etc/cron.hourly directory: # chown root:root /etc/cron.hourly/ # chmod og-rwx /etc/cron.hourly/. | H13: Done | I13: 2026-10-12
A14: 33101 | B14: Ensure permissions on /etc/cron.daily are configured. | C14: Fix | D14: 1 Quick wins | E14: Low | F14: Set root ownership and restrictive permissions on cron files (chown/chmod). | G14: - IF - cron is installed on the system: Run the following commands to set ownership and permissions on the /etc/cron.daily directory: # chown root:root /etc/cron.daily/ # chmod og-rwx /etc/cron.daily/. | H14: Done | I14: 2026-10-12
A15: 33102 | B15: Ensure permissions on /etc/cron.weekly are configured. | C15: Fix | D15: 1 Quick wins | E15: Low | F15: Set root ownership and restrictive permissions on cron files (chown/chmod). | G15: - IF - cron is installed on the system: Run the following commands to set ownership and permissions on the /etc/cron.weekly directory: # chown root:root /etc/cron.weekly/ # chmod og-rwx /etc/cron.weekly/. | H15: Done | I15: 2026-10-12
A16: 33103 | B16: Ensure permissions on /etc/cron.monthly are configured. | C16: Fix | D16: 1 Quick wins | E16: Low | F16: Set root ownership and restrictive permissions on cron files (chown/chmod). | G16: - IF - cron is installed on the system: Run the following commands to set ownership and permissions on the /etc/cron.monthly directory: # chown root:root /etc/cron.monthly/ # chmod og-rwx /etc/cron.monthly/. | H16: Done | I16: 2026-10-12
... A57: 33212 | B57: Ensure inactive password lock is configured. | C57: Fix | D57: 4 Passwords and PAM | E57: Medium | F57: Set password aging and inactivity lock in /etc/login.defs and for existing users (chage). | G57: Run the following command to set the default password inactivity period to 45 days or less that meets local site policy: # useradd -D -f <N> Example: # useradd -D -f 45 Run the following command to modify user parameters for all users with a password set to a inactive age of 45 days or less that follows local site policy: # chage --inactive <N> <us | H57: Done | I57: 2026-10-13
A58: 33010 | B58: Ensure /tmp is a separate partition. | C58: Accept risk | D58: None | E58: None | F58: Single-partition layout on a small VPN server; repartitioning gives little benefit and risks data loss. | G58: First ensure that systemd is correctly configured to ensure that /tmp will be mounted at boot time. # systemctl unmask tmp.mount For specific configuration requirements of the /tmp mount for your environment, modify /etc/fstab. Example of using tmpfs with specific mount options: tmpfs /tmp 0 tmpfs defaults,rw,nosuid,nodev,noexec,relatime,size=2G 0 | H58: Documented
A59: 33011 | B59: Ensure nodev option set on /tmp partition. | C59: Accept risk | D59: None | E59: None | F59: Single-partition layout on a small VPN server; repartitioning gives little benefit and risks data loss. | G59: - IF - a separate partition exists for /tmp. Edit the /etc/fstab file and add nodev to the fourth field (mounting options) for the /tmp partition. Example: <device> /tmp <fstype> defaults,rw,nosuid,nodev,noexec,relatime 0 0 Run the following command to remount /tmp with the configured options: # mount -o remount /tmp. | H59: Documented
A60: 33012 | B60: Ensure nosuid option set on /tmp partition. | C60: Accept risk | D60: None | E60: None | F60: Single-partition layout on a small VPN server; repartitioning gives little benefit and risks data loss. | G60: - IF - a separate partition exists for /tmp. Edit the /etc/fstab file and add nosuid to the fourth field (mounting options) for the /tmp partition. Example: <device> /tmp <fstype> defaults,rw,nosuid,nodev,noexec,relatime 0 0 Run the following command to remount /tmp with the configured options: # mount -o remount /tmp. | H60: Documented
A61: 33013 | B61: Ensure noexec option set on /tmp partition. | C61: Accept risk | D61: None | E61: None | F61: Single-partition layout on a small VPN server; repartitioning gives little benefit and risks data loss. | G61: - IF - a separate partition exists for /tmp. Edit the /etc/fstab file and add noexec to the fourth field (mounting options) for the /tmp partition. Example: <device> /tmp <fstype> defaults,rw,nosuid,nodev,noexec,relatime 0 0 Run the following command to remount /tmp with the configured options: # mount -o remount /tmp. | H61: Documented
A62: 33018 | B62: Ensure separate partition exists for /home. | C62: Accept risk | D62: None | E62: None | F62: Single-partition layout on a small VPN server; repartitioning gives little benefit and risks data loss. | G62: For new installations, during installation create a custom partition setup and specify a separate partition for /home. For systems that were previously installed, create a new partition and configure /etc/fstab as appropriate. | H62: Documented
A63: 33019 | B63: Ensure nodev option set on /home partition. | C63: Accept risk | D63: None | E63: None | F63: Single-partition layout on a small VPN server; repartitioning gives little benefit and risks data loss. | G63: - IF - a separate partition exists for /home. Edit the /etc/fstab file and add nodev to the fourth field (mounting options) for the /home partition. Example: <device> /home <fstype> defaults,rw,nosuid,nodev,noexec,relatime 0 0 Run the following command to remount /home with the configured options: # mount -o remount /home. | H63: Documented
A64: 33020 | B64: Ensure nosuid option set on /home partition. | C64: Accept risk | D64: None | E64: None | F64: Single-partition layout on a small VPN server; repartitioning gives little benefit and risks data loss. | G64: - IF - a separate partition exists for /home. Edit the /etc/fstab file and add nosuid to the fourth field (mounting options) for the /home partition. Example: <device> /home <fstype> defaults,rw,nosuid,nodev,noexec,relatime 0 0 Run the following command to remount /home with the configured options: # mount -o remount /home. | H64: Documented
A65: 33021 | B65: Ensure separate partition exists for /var. | C65: Accept risk | D65: None | E65: None | F65: Single-partition layout on a small VPN server; repartitioning gives little benefit and risks data loss. | G65: For new installations, during installation create a custom partition setup and specify a separate partition for /var. For systems that were previously installed, create a new partition and configure /etc/fstab as appropriate. | H65: Documented
A66: 33022 | B66: Ensure nodev option set on /var partition. | C66: Accept risk | D66: None | E66: None | F66: Single-partition layout on a small VPN server; repartitioning gives little benefit and risks data loss. | G66: - IF - a separate partition exists for /var. Edit the /etc/fstab file and add nodev to the fourth field (mounting options) for the /var partition. Example: <device> /var <fstype> defaults,rw,nosuid,nodev,noexec,relatime 0 0 Run the following command to remount /var with the configured options: # mount -o remount /var. | H66: Documented
A67: 33023 | B67: Ensure nosuid option set on /var partition. | C67: Accept risk | D67: None | E67: None | F67: Single-partition layout on a small VPN server; repartitioning gives little benefit and risks data loss. | G67: - IF - a separate partition exists for /var. Edit the /etc/fstab file and add nosuid to the fourth field (mounting options) for the /var partition. Example: <device> /var <fstype> defaults,rw,nosuid,nodev,noexec,relatime 0 0 Run the following command to remount /var with the configured options: # mount -o remount /var. | H67: Documented
A68: 33024 | B68: Ensure separate partition exists for /var/tmp. | C68: Accept risk | D68: None | E68: None | F68: Single-partition layout on a small VPN server; repartitioning gives little benefit and risks data loss. | G68: For new installations, during installation create a custom partition setup and specify a separate partition for /var/tmp. For systems that were previously installed, create a new partition and configure /etc/fstab as appropriate. | H68: Documented
A69: 33025 | B69: Ensure nodev option set on /var/tmp partition. | C69: Accept risk | D69: None | E69: None | F69: Single-partition layout on a small VPN server; repartitioning gives little benefit and risks data loss. | G69: - IF - a separate partition exists for /var/tmp. Edit the /etc/fstab file and add nodev to the fourth field (mounting options) for the /var/tmp partition. Example: <device> /var/tmp <fstype> defaults,rw,nosuid,nodev,noexec,relatime 0 0 Run the following command to remount /var/tmp with the configured options: # mount -o remount /var/tmp. | H69: Documented
... A117: 33300 | B117: Ensure accounts in /etc/passwd use shadowed passwords. | C117: Accept risk | D117: None | E117: None | F117: Scanner rule defect, not a host gap: the rule is inverted. Verified: no account in /etc/passwd lacks an x in the password field. | G117: Run the following command to set accounts to use shadowed passwords and migrate passwords in /etc/passwd to /etc/shadow: # pwconv Investigate to determine if the account is logged in and what it is being used for, to determine if it needs to be forced off. | H117: Documented
